cl0021	45OUMFLYN7	3	48	Q7U
cl0024	OGIY2R50WO	10	160	GV
cl0028	JUUYU	9.5	152	O6E
cl0138	ON2YST0	2	32	D9P
cl0309	S3PENV	11.5	184	2A
cl0311	UDENP	4	64	NL4
cl0335	11IAC3	8	128	SN
cl0367	T3X9V	3.5	56	SMJ
cl0377	WL654T340U	9.5	152	1O
cl0389	9JJXTSS8UJ	1	16	19X
cl0450	0YKNL	4.5	72	OIP
cl0535	D7SZES2QE	4.5	72	E0
cl0570	GPXWDFNBVR	4.5	72	0SN
cl0646	I5D8V9D8I	11.5	184	5V5
cl0714	P7ALD0L60H	3.5	56	TL
cl0722	GVRXGPWS	3.5	56	0F
cl1116	WRW6IM3X	3	48	QM
cl1210	Y8E0S	8	128	NJ
cl1251	XPRI1YD	2.5	40	3ML
cl1489	XUOL7	3	48	XVE
cl1518	7N2B93WZ	4	64	AA8
cl1565	GOOL9O	2.5	40	DHH
cl1623	PITLN7ALI	6.5	104	PJR
cl1638	M9KRJG0	12	192	TA
cl1688	ECG3LVFRYH	3	48	G6I
cl1756	2289S0	1	16	PF
cl1805	IAUJS	11.5	184	AE
cl1879	RUFLH	10	160	48W
cl1902	ZPF8D9IAX3	8	128	VT
cl2056	J7ZYVJDR8	12	192	R7
cl2136	8IJ0NK6D	8.5	136	02T
cl2212	3FORBZXED	2	32	FXZ
cl2223	KACDWYGGK	1	16	Q4R
cl2267	UDM9RT4	11	176	OC
cl2581	NNMLNDAJ4	0.5	8	YAD
cl2635	1H50C	5.5	88	FLA
cl2656	XQHC9IZ	11.5	184	Y1
cl2726	9WP5C	6	96	FZ
cl2750	TX2GQNTV	5	80	AGY
cl2814	GPTLOURWQ	6	96	AY
cl3043	YUF1D7	1.5	24	KKJ
cl3218	F762EO	0.5	8	CJ
cl3294	7S7S28YQX	5.5	88	QGC
cl3590	MU5I6SP7OQ	8	128	KB
cl3678	46K2OIJH	4	64	F69
cl3771	1LH756L7	1.5	24	BN
cl3793	O7ELA8BZ	10	160	0P
cl4035	EQFPN4	0.5	8	UN
cl4069	NH3B5WAS	8	128	EF
cl4314	WKPH0	3.5	56	RV
cl4339	POEKW46UL9	2	32	RY
cl4395	SD5AZOQ	4	64	IZY
cl4513	8CUUEF09	8.5	136	UB
cl4769	F0AVJDMD	9	144	PDV
cl4859	KMY5V956M	3.5	56	0UV
cl4943	SVECEW	5	80	UPG
cl5231	CNHO6OAG1	11	176	6U
cl5273	ZDVZ4	4.5	72	YZY
cl5372	OFPNYPTZ7A	2	32	SKC
cl5480	39DUJ	8.5	136	OZ0
cl5508	I121S3T3C	6.5	104	4R9
cl5528	HRZDCOXWF	12	192	K7
cl5696	2E6JA	8	128	34R
cl5731	504OCM2P7	3.5	56	WQ
cl5892	LVNWUCLPW	0.5	8	DG
cl5962	TVSAKH	6	96	FBQ
cl5993	IJORTDA	5	80	DY
cl6204	TXDAK	1.5	24	DLT
cl6294	MU2Q8R9N6F	4.5	72	4M
cl6711	FQGTBJC	5.5	88	E5F
cl6725	NF2UV	3	48	10
cl6817	H3DXN	4.5	72	55
cl6857	EFWOT7	6.5	104	2A
cl6957	W8FZBFPI	0.5	8	1Q
cl7012	1FYY7X007	12	192	JG5
cl7145	JG5ST	9	144	0C1
cl7205	LQBHGTH8	7	112	62
cl7221	9I3IM1H	6.5	104	ME
cl7594	BQMKPA7A	6	96	OT
cl7752	G05PTW	2	32	W0
cl7769	HZT6CM9Y	2	32	UE5
cl7784	Q842PCIJU7	7	112	8EX
cl7805	5NIX5NXF	9.5	152	H05
cl7841	A01OM	1	16	JPR
cl7860	0IPE5IDCM	3	48	UDV
cl7916	GHFCE653	1	16	DL9
cl7926	Q2NBFEGNP9	3.5	56	93
cl8004	5J2QSVQ	1.5	24	943
cl8006	GTT34MWIX	11	176	X7
cl8037	BGQFN	10	160	5I2
cl8242	NM0DQ	5	80	7X
cl8255	5AFGBBC	10	160	PC
cl8384	V62L0IGF	2.5	40	LI
cl8421	HGUPR	11	176	KX
cl8427	L0031HDM2	12	192	J74
cl8445	RTUKT	6	96	CI
cl8490	BHXRC	8	128	62Q
cl8503	OEPJTA1RO7	5	80	OD
cl8508	62ZY805C	9	144	MN2
cl8534	VOHAONXAZN	2	32	WX
cl8688	V11P28KK	12	192	VMF
cl8708	KGITKQNQ	9	144	8K
cl8791	K232K9	0.5	8	GC
cl8799	G163I9C	3	48	0M
cl8830	FJFC0	4	64	8B
cl8932	JDTDO5N	3	48	41
cl8981	M3TXNG75	0.5	8	XSG
cl8993	E8TD0KTQ	1	16	Q36
cl9010	01VUBL	7.5	120	LXK
cl9118	TY1NCPODKH	5	80	US
cl9133	A3E2N67E	9.5	152	F00
cl9135	YT4GWB	5.5	88	SI5
cl9328	0AQ5H9M	10.5	168	CF4
cl9342	ZA89FWFN	2	32	TDP
cl9349	VMS97JK	8.5	136	EW
cl9508	V28ZN	6.5	104	UR
cl9562	OBJMJ	6	96	1U
cl9655	XGIWCY26	7.5	120	52
cl9769	TQVW54VUK	5	80	PET
cl9853	RWGVL	12	192	HWP
cs0022	2I90RP	4	64	XWK
cs0107	X9UAWA	5	80	4J
cs0781	Z2IM9	12	192	AT
cs0794	R8IT1X	5.5	88	83B
cs0822	SKIGA1	10.5	168	1W
cs0856	QJ4R5	11.5	184	P1Z
cs1041	YEEMBM8G	1	16	5G
cs1054	I8UTX8L	7.5	120	L1B
cs1095	DOQPXPRN9	11.5	184	HYR
cs1401	TLFBPTKUJM	7.5	120	9LV
cs1860	4KU0CU4CRL	4	64	PQ
cs2157	TTU9R89	9	144	QR
cs2286	Z5K4OMEJ	1	16	LG
cs2502	THC94F4II7	3	48	51
cs2576	MO9QIITYWZ	1	16	KE
cs2804	UXQMH8ME	3.5	56	2W9
cs2808	276W4C	9	144	BVM
cs2917	FWCTBLO2	2	32	23M
cs2961	676RO	6.5	104	0R
cs3051	OLY2E2R	3.5	56	HU
cs3070	CUNGW35	2.5	40	WC
cs3093	9INPX0V	1.5	24	EWA
cs3100	G4EJWNB	6	96	XCG
cs3248	H7DZ9	7.5	120	KK
cs3797	G1DZBIRNGD	2.5	40	2XS
cs3907	Q78BDFSIW	7.5	120	1RE
cs3921	UNT78	0.5	8	ZB
cs4235	RO8Q3BZY	9.5	152	7E
cs4250	RIUYWD5LXU	10	160	UL
cs4310	54J15BA	10.5	168	KOG
cs4363	S7K11LQ	1.5	24	WS
cs4545	EJUIC58GJ	4	64	O6
cs4611	OCKZJSKSI	6.5	104	NC
cs4677	1I7RFLNKF3	4	64	UQT
cs4817	MHA33P	8.5	136	9H
cs5122	1XDUTOD1FM	2	32	6P
cs5316	PFGT51G	3	48	JK8
cs5436	C9ILK	5.5	88	R60
cs5499	11U1RAWVV1	1	16	1A
cs5721	3PRS5LIGT	3.5	56	CKV
cs5797	V63MAVB	1.5	24	XE
cs6104	0A4I7LS	1.5	24	XG
cs6120	LIDSLS	11	176	F4
cs6251	10OSNQ	8.5	136	XC
cs6361	IL6Q1Y	5	80	2C
cs6584	CKWZ07V	7	112	H4
cs6792	H05TIUMOGN	9	144	6CC
cs6809	T79NBPG	12	192	CJK
cs7037	F6TDI	10.5	168	1FL
cs7046	WPIID	4	64	UGO
cs7329	77QIBML	12	192	4Z
cs7419	NFATMH4	6.5	104	X24
cs7696	XOIS1	11.5	184	MU9
cs7710	K97KIEY	11.5	184	WZ
cs7753	GKBAEHZP4A	10	160	NY
cs7869	KL6IF7N	9	144	OC
cs7976	KDH414IT3P	10	160	70
cs8061	LP7RIJZ	11	176	CU0
cs8223	9TD4K2	4	64	UG
cs8414	N13TJJI8	10.5	168	W78
cs8427	32608G	7	112	TL
cs8459	I216ZWM6G	7	112	W95
cs8523	UDYCNBZDXG	0.5	8	MV
cs8685	PPHPD0	9	144	6J
cs8804	R3U84YLZL	5	80	RQW
cs8824	G43HIWCIL	6.5	104	TB
cs9192	JVKSEGO	3	48	TH
cs9333	ZDN2YVDCPL	7.5	120	WZ
cs9355	5T1BVKM8F2	8	128	DT
cs9440	LPNT0I96	0.5	8	DOJ
cs9454	2X90T5OE	9.5	152	G5
cs9485	2DC3L66	10	160	RT
cs9556	TSXZ2Z	4	64	3CX
cs9734	QPJCFFJG	10.5	168	H6Y
cs9901	TOUGADTWP	1.5	24	YFN
cs9906	POY2V	2.5	40	4DG
cs9998	8AE4K	1	16	9S
dq0131	BYOZG	9.5	152	XQ1
dq0141	JPW4DPQ	1	16	W3
dq0145	47WFGHUOF	5.5	88	QU
dq0164	JDDM7P	5.5	88	Y4X
dq0408	PSJ6H9R	6.5	104	GX
dq0534	QVSID3DR	10	160	Z6H
dq0719	EJXUX	10.5	168	K9
dq0773	L23UOQH	7.5	120	PGG
dq0910	B7WTH	4	64	Z6X
dq1320	OR6FLSXDCW	9	144	2F
dq1349	48GOU	5.5	88	2IA
dq1459	0WA9K5QJZ	6.5	104	MU
dq1726	ESHSGQVGFB	1.5	24	YLJ
dq1755	R78QM	2.5	40	6ZG
dq1859	LLBLW0F54B	0.5	8	2O
dq1895	75IRF9TF7E	0.5	8	SD
dq1896	5GP15J0	2.5	40	Y2
dq1912	VWEXB0RKL	9.5	152	4P
dq2030	QKDOQTR2W6	4.5	72	KW2
dq2061	7HC5DSW6	1	16	JE
dq2250	EEHSC	2.5	40	E9Y
dq2264	IY9YY	1.5	24	RJ
dq2457	N0H9RBCDO	1	16	HQU
dq2716	CYEA1YI5H	11	176	Q7L
dq2839	ZLBGND	7	112	5M
dq2950	IW01YDH6T7	3	48	XK8
dq3076	RGA6YXH6W	9.5	152	K8
dq3078	INQLP7EM	3	48	UZR
dq3184	V4ILJJE7	6.5	104	GV
dq3320	KZJA12IE	2.5	40	A1
dq3366	7NOGK3UL	7	112	9N
dq3571	Q0MEW0U	2	32	WE3
dq3652	KQADK	11	176	46
dq3673	3NJBQQIKFC	2.5	40	RV9
dq3675	18N0KYY	3	48	FD
dq3682	JUQTJJFAQO	8.5	136	4DH
dq3864	YODAJK	9	144	O2V
dq4015	8NAW5	9	144	NZ
dq4049	J6G16B	2.5	40	GI6
dq4080	O6CRZ3	10	160	ZM
dq4118	Z57RFZKSX	5.5	88	WW
dq4120	FKKH6F	11.5	184	B9
dq4128	H4LNNDB5	6.5	104	C0
dq4220	2YZK4E2	6	96	PJX
dq4265	G2U3RFEI	3	48	WE
dq4384	K6HI9H	9	144	AH
dq4424	W9NKIL	5	80	9IW
dq4614	ZRKWFCJ97	1.5	24	XI
dq4650	Y9TOL2Q4ME	12	192	J9R
dq4857	7JFF0	11.5	184	FVU
dq4901	W2MJG	8	128	ZM
dq5114	PBN7RM7	9	144	R76
dq5138	HE057I	12	192	SK
dq5485	C8VWKAC1	12	192	WO
dq5654	GD7ZHZIMG	4.5	72	G4N
dq5747	H4IRPJ9	5	80	RD
dq5778	EECXMMDUS1	1.5	24	1W
dq5909	3GZWTXW0D	2	32	44
dq5918	VA2T1S	2.5	40	A5D
dq5992	TZSSWQ3A	6.5	104	2X
dq6146	0GX5SZS1JK	11.5	184	HJ
dq6314	VI8E1TK	9.5	152	BQ8
dq6360	T93CC1E9	11.5	184	54
dq6392	9KUDQFKQ2	12	192	OD
dq6518	BA3QFRS	6.5	104	5X0
dq6701	QE427XFN	9	144	YPK
dq6704	AXBPXU6VR6	1	16	7V
dq6791	APVIZ2K1W	10	160	5OC
dq6930	VQLUJA	6.5	104	NJ
dq6945	RE4RXT1	6	96	CYO
dq6970	SHLQT7	10	160	AB
dq7093	30A8EJ	9.5	152	OIO
dq7104	MY95I	11	176	4X
dq7265	566UGC	5	80	V3P
dq7344	U55Y60TIB	11.5	184	GPR
dq7425	CVJ81	1	16	WWK
dq7447	AUH5HULTDC	6	96	NY0
dq7451	C5HD2H	7.5	120	GJA
dq7458	1CSFMO	9.5	152	MJV
dq7543	61GSX	5.5	88	HF0
dq7995	572W2	9.5	152	NN
dq8035	9N7QPFAIC	9.5	152	7ON
dq8059	IPAIOWRWX	1	16	JT
dq8076	CUU4C	10.5	168	3X
dq8099	VCPYJ	1.5	24	DH
dq8179	30KTP42GNJ	5	80	U0W
dq8189	KDPFTUVB	6	96	8D
dq8227	XXZ7KGF	8.5	136	GT7
dq8252	DDIL40I	3.5	56	855
dq8316	L8UIQJS	5.5	88	AMO
dq8417	WV3ZLMY2	7	112	BU
dq8528	KVOHT4UAT	6.5	104	OL
dq8622	IWQCTJY	2.5	40	QO
dq8664	YATI2RU	10.5	168	GT
dq8726	EVH1LXKS3R	7.5	120	RN5
dq8733	17ZQN	0.5	8	5QC
dq8875	6AOJJ7YK4A	5.5	88	X3
dq8988	TTTTNEQ8R	3.5	56	YO
dq9065	OZS64JBJ	3	48	0E
dq9190	VC3O2ZF6	4	64	KR4
dq9297	XFFH32SEI	4	64	2L6
dq9442	0WU20	2.5	40	HR
dq9548	T5NN4	11	176	G9H
dq9620	R6BXZC8B	0.5	8	K4R
dq9667	P9Q5P6JO	3.5	56	NV
dq9713	25O5CRA	0.5	8	I4T
dq9821	Z4A4T	11.5	184	KQH
dq9857	QI2G2YSXK	5	80	HL
dq9891	X9VOYN5UK	11.5	184	O8O
dq9978	5YSCLXMMON	9	144	6WO
dx0146	BEVHQMS	6.5	104	IZ6
dx0162	6KLYW2A	10.5	168	29I
dx0203	NFLFOT4T0K	10.5	168	S0
dx0242	IBA16U3Y6G	2.5	40	RP
dx0884	31V5QZWX	4.5	72	MYX
dx1000	X46LJ9EVPP	9	144	BT
dx1226	7SRNQ	5	80	3TX
dx1245	4RLJ9EOPU9	8.5	136	E5
dx1495	HBPNQ	10	160	GK7
dx1530	CNN7VLKV	4	64	1KM
dx1629	9FEII	4.5	72	GS
dx1684	0Y5YY	4	64	A8
dx1696	K9CH8C3PB	3	48	K7
dx1721	1412S7	9	144	00J
dx1857	729ETWY	12	192	N9U
dx1976	ORU5E0	7	112	ZV
dx1984	QH5W0PWT5	8.5	136	7EX
dx2194	IQMGR33F	10.5	168	9LF
dx2289	12YZ8JZ9	3	48	SK
dx2371	16NEC	11	176	1I
dx2384	A2AOL1F	1	16	W27
dx2425	4WWWRUBZQB	7.5	120	WZ
dx2486	G9A9WLJH	10.5	168	OBC
dx2569	4U0MLOG	2	32	MC
dx2594	MVIKMILD	5.5	88	Z7Z
dx2824	I8CYWB2	7.5	120	YR
dx2836	MI75AKH1W	4.5	72	7GV
dx2972	J2HSD2	6	96	P1
dx3015	9FUOH78	9.5	152	G1
dx3044	VSE1E9Y	2.5	40	R0E
dx3322	NDYKNHY5	10.5	168	Z2
dx3395	Y2JFT12	6.5	104	SF
dx3480	RFV4054	8.5	136	HD
dx3618	MRG7EKWR6	0.5	8	DS
dx3657	NSIFARGQ7	2	32	TQS
dx3765	N5HPS14	9.5	152	PJW
dx3780	7VLHIET	4.5	72	LNB
dx3867	4DLUOVNS	11.5	184	L79
dx3905	UIGIM	3	48	Z5
dx3907	WAHG5VK	5	80	85U
dx4129	9WAB7	11	176	IRQ
dx4136	C36DE	1	16	K0Y
dx4162	8WLJZ21	3	48	UP
dx4195	OXD9MTE	4.5	72	DY7
dx4368	VPWKC	12	192	Z71
dx4381	J8I70	6	96	9D2
dx4385	TX33OW	8.5	136	AU6
dx4438	M6BMDZGR	3	48	9GE
dx4472	HEBXM0B	6.5	104	Z0O
dx4475	PMUQM89C	9.5	152	WJU
dx4676	LYHOT4F8I	9	144	6X
dx4706	660NJ4F	3	48	36B
dx4718	VNCLICH9W	12	192	ND
dx4858	8DMLDZKJ60	5.5	88	NT
dx4989	ZOK8L0IP89	6	96	D9
dx5011	BW0GIO	3.5	56	WC
dx5019	OXXQT5BR7	10.5	168	CC
dx5390	0B9DVSIF7A	6.5	104	CC
dx5581	PE6GPHD3M7	10	160	4W6
dx5685	DUI0LG4A	9.5	152	1Y
dx5753	ACXKIIW6O	6	96	WH
dx5779	12COXN	10	160	SZ
dx6145	4J35HW68S	5.5	88	JL
dx6215	5IBF98	5.5	88	S8
dx6237	69HTCQEGX	5	80	ZE
dx6303	NS4N6NY	7	112	L6
dx6470	0I9H03WJZ	3.5	56	93
dx6476	SQOLZFR	4.5	72	95
dx6500	BGXQ4ALL92	1.5	24	14
dx6647	P76KU1CP7M	2	32	THZ
dx6711	6ZWYUVHMPL	5	80	HGA
dx6761	ZBI58HC	10.5	168	EFB
dx6834	D5BJP1C	1.5	24	QR
dx6852	DJ2BE6U	10.5	168	I0G
dx6941	QGC1Z	5	80	45E
dx6999	QBUT2X3	9.5	152	TF
dx7151	08LQT	1.5	24	E8
dx7269	NKW26HIB	4.5	72	UB
dx7567	IVGVKN38	9.5	152	VS
dx7683	X3QWZB	7	112	01
dx7691	FP6JWU1G	3	48	13D
dx7754	8Y6584I75L	5.5	88	JDI
dx7858	GDC28ER2EA	8	128	7O
dx8098	Y2AC6TXUD3	5.5	88	2C
dx8117	RP0UG7G	0.5	8	PN
dx8124	27T333K	7.5	120	APM
dx8139	1SMOW9OB8	6	96	EX
dx8447	5UPG8	6.5	104	NV
dx8586	MY2YUV2I	6	96	5W7
dx8958	S0K9C1EU3	2.5	40	4H
dx9009	UO6ZEDJM84	7.5	120	SL
dx9243	DXWE5EE8EI	2.5	40	875
dx9251	GRG5NTM	2	32	JW
dx9276	WWSTJSDOU	4	64	O6V
dx9278	M9MY9FXEM0	3.5	56	X5H
dx9397	2Y2NS	1.5	24	7N
dx9408	4CWUZB1	9.5	152	BB0
dx9458	G9OTM	3.5	56	I1C
dx9676	YOJEAN45N	8	128	KJ
dx9717	2PAWQT406	2	32	P8
dx9754	OP8R3OQQ	5.5	88	WT
dx9860	EN7IXZSJ2	1	16	NA
dx9917	QEXX9MDJJ	9	144	IJX
dx9919	ERX3WRIRA	1.5	24	C1
dx9997	QW13F	3.5	56	1G3
hj0101	ZG5MV	1	16	EE
hj0182	R5PH2EF8E	9	144	M5L
hj0218	49GO4SU	10.5	168	ELM
hj0416	UWLUK4ON	5	80	L1
hj0546	Y7A6EGCIY	6	96	N0
hj0645	Z1NV7UOW	11.5	184	AJ
hj0683	TBXFF	12	192	Z22
hj0695	LRA4FHE	10.5	168	IY
hj0776	WVN8YZ7L	10	160	A8
hj0938	5XD6V1UOPC	9.5	152	7I
hj0943	MMYP97UPI	1	16	PC
hj1210	66V3II7FX	3	48	RU
hj1258	4XQFU	10.5	168	OZ
hj1608	36P8P5	11	176	C2O
hj1743	319ZWCXY26	12	192	TPN
hj1852	MUOKY1VG2	8	128	ZQI
hj1881	97MCE2	6	96	YEJ
hj1893	4G1F0A8WU	7	112	2B
hj1899	GO4UDX9	10	160	9P
hj2052	RY61LJIFK5	12	192	G1O
hj2146	8TCU9	7.5	120	V5
hj2281	G1ZFGM5DD6	11.5	184	GQ
hj2526	TDVKE0YN	2	32	9E
hj2640	O897AA	7.5	120	XVY
hj2687	INY8UG9Z3	11.5	184	UE
hj2878	DR61RE	7.5	120	XY
hj3031	D4X9CDLQ	8	128	BV
hj3040	JHAU1	11.5	184	0YD
hj3197	BDHYQ6PLG3	11	176	8N
hj3259	Z6U898V	1.5	24	UA
hj3274	6QTEZ4596Y	6.5	104	8KH
hj3432	5QG46K	5	80	FA
hj3777	2M1QBT	4	64	SO
hj3822	3DI8E2N8O	0.5	8	X2
hj3930	VCQ4T	3.5	56	U6
hj3999	WTE73QS6L	6.5	104	NX
hj4028	V4FE9ULE	10.5	168	BU
hj4036	MC56V	1	16	U2H
hj4092	EBVAT	3	48	MR
hj4126	1UJ2P0CCD9	12	192	1L
hj4129	TL75M9OSJR	7	112	2A
hj4143	2HU0R8F8	1.5	24	Q7
hj4312	510TZBAT5	9.5	152	TF0
hj4360	W2ZXJMBV	4.5	72	YZ4
hj4591	HCKUFP	12	192	2L
hj4638	YIW5DF	9	144	GE
hj4685	LXI6Z20310	6	96	NVB
hj4800	F4BJI9IAWB	10	160	SS
hj4821	7PZZN855	1.5	24	TFR
hj5012	GHV98	4	64	5Z
hj5289	Y41OKZVSC	0.5	8	HEC
hj5320	FDUB6Z61I3	3.5	56	KGZ
hj5346	K24PTI8O	5.5	88	RD
hj5593	7B7SX	1	16	VDV
hj5609	J1K4G7ZCUL	0.5	8	1Z
hj5657	SBQ41U	2	32	E6A
hj5694	EN3E5OXW	1.5	24	X53
hj5745	PAQJPQHFO	4	64	F0
hj6094	7PXX17	7.5	120	0S
hj6129	Y8SP9T	10	160	95D
hj6197	YNODR5A	4.5	72	VK
hj6280	0L60VBPB	5.5	88	54
hj6409	8KXBC1DRTK	5.5	88	CD
hj6511	Q2U1DAAJ85	4.5	72	YK
hj6692	WCVQ0WLVS	10.5	168	PZ7
hj6738	8V650	4.5	72	J1D
hj6760	HEZ6RJ	3	48	3B
hj7040	3SEID	7	112	7U
hj7056	FXB4LPKS	5	80	Y0A
hj7137	9FAK7	11.5	184	IU
hj7154	98QBG	8.5	136	EST
hj7162	GAX28	6	96	C9
hj7247	PMASV55XL0	8	128	C7
hj7486	4O63QJ	10.5	168	DXP
hj7522	P7ZXDW7CV	9.5	152	GQ
hj7536	2JCX5	2.5	40	G6
hj7553	K413JUWWD	0.5	8	2W
hj7606	AENWVTL	2	32	K5
hj7664	ICVEY9QUXV	5.5	88	5Q
hj7775	H4GXM	8	128	WXA
hj7952	GGCLRQP	10	160	XFL
hj8002	GFPUOJNXE	6	96	67
hj8312	UGWOP88WBV	7	112	W5
hj8392	H57F96ZW	7	112	48I
hj8451	7LP2RSR	5	80	LV
hj8746	OX8FI2N3I	7	112	4B1
hj8792	Z0EFBF1	11	176	N4D
hj8831	LOPWX55	2.5	40	UV
hj8868	SPD9NQXF83	5	80	QS
hj9058	K5D1LR9	3	48	K6
hj9151	UXD3973GRR	7	112	96S
hj9307	F220MW	3	48	Q3
hj9336	ZWJ4P8	5.5	88	KF
hj9496	DLH3GMAGH	3	48	BU
hj9551	UGUUUN0DE	3.5	56	3A
hj9649	SO3XYE	11	176	Z6
hj9697	P3BE44MK	5.5	88	MS
hj9704	P9XD09	1.5	24	Z1
hj9709	5Z1419HAYU	4	64	93
hj9710	TUXXHQUCW	7	112	QHQ
hj9740	WC1HG	10	160	HZ
hj9827	LEXWP	8.5	136	O6E
hj9828	9A1645O	5.5	88	MY
hj9840	RVPTYU	11.5	184	3UW
hx0257	MPH69Y4ER	2.5	40	GJ
hx0268	KM5O55	6.5	104	XK
hx0448	X6RBV	9	144	M7
hx0469	P6AHWVI	9	144	F3L
hx0553	PECXTWE	2.5	40	5EQ
hx0722	HFL4NK	8	128	TV
hx0733	TZXR05GJIF	7.5	120	2AT
hx0947	495KKZ	4.5	72	E5
hx1011	D4I1EEY	1	16	IOV
hx1219	S983CCD3	2	32	3FJ
hx1233	D4WZJ9J4	10	160	7T
hx1292	O205J	6.5	104	VX
hx1314	HDE1XC	5	80	Z4A
hx1351	QEZIX5US	6.5	104	GJW
hx1381	TGFHN7	4.5	72	F8
hx1486	AVBR1	11	176	5C7
hx1563	RI4YWV0	9	144	IER
hx1589	FR8SPKO6W	8	128	AC
hx1684	5J57V	0.5	8	8N
hx1756	MSZ3LF	4	64	WW
hx1770	ZCOWS90HY	7.5	120	6A
hx1861	3RW10O	8.5	136	NKM
hx2173	RJLB846IV	1.5	24	1Y2
hx2349	YS81TP1UFQ	10.5	168	C82
hx2414	6DYW4UF	8	128	RG
hx2576	X9MT4TS	4.5	72	CFJ
hx2834	NCLQFENL8H	10.5	168	VM
hx2944	SQ2X5W	9.5	152	XQ
hx3191	DN01OM47	3.5	56	0CJ
hx3326	VBUPQZU	12	192	TB
hx3328	EGYE1	1.5	24	C6Q
hx3664	RT172H8B	3	48	AO
hx4005	HNQRZ59C	6.5	104	MP
hx4125	7YNIGQ	3.5	56	TX
hx4212	NUPVZT2	5	80	EO
hx4903	MF4UI9FC1	6	96	AGU
hx5020	DGVESM	9.5	152	DK
hx5092	YDM3Z0	3.5	56	OT
hx5356	ESGLE	12	192	I43
hx5975	5GGXWSBKH	1.5	24	RWC
hx6149	5JMVI3WO71	12	192	E2
hx6212	U7RUI	9.5	152	BU
hx6548	RZOOAEP	2	32	KE
hx6550	9I7O970G0T	3.5	56	LL
hx6759	E3PS7YB6	9.5	152	9D
hx6933	AVCEOAZ5	5	80	6K
hx6963	R8Y11Z	6.5	104	T1
hx7177	VX3H9IRBS	2.5	40	UD3
hx7275	ZBPY37JH	6.5	104	6U
hx7291	Z0S9D90F	2.5	40	SOE
hx7402	OXRV8JN6	10	160	8G
hx7468	6K62IVZ	9	144	KG
hx7709	LRTOFZD	9	144	A0M
hx7777	D60CT4MU3R	11.5	184	UBC
hx7858	ASEVHDIB94	1.5	24	1J
hx7908	F3XRTCA	6.5	104	YF
hx8097	KKFN5D	6.5	104	B9J
hx8371	SPX0ZXWSH2	10.5	168	KZQ
hx8419	P44Q6772TS	6.5	104	2NR
hx8424	WTE38I	10.5	168	CMG
hx8485	YNQZX4	2.5	40	9Q
hx8494	28QWN	6	96	E5E
hx8725	2WC6H1YWMC	7	112	QFH
hx8825	6IE1REA7M	9.5	152	HW
hx8884	YN99BS7	8.5	136	EC5
hx8940	ZQ1DY0O7	8.5	136	LE8
hx8947	5730K	11.5	184	B3P
hx8969	LEE94EP3	8	128	E7X
hx8981	XV7ZGQ4	4.5	72	OH
hx9034	KCJ1H	5.5	88	QI5
hx9063	5HWDU	7	112	AQ3
hx9231	H2D2D6H	6.5	104	1Y
hx9413	DO98KJDEO	10.5	168	NC
hx9499	QIIQL5GH	8.5	136	FF
hx9581	3L5RMZT	7	112	Y7
hx9716	D0EGA	2.5	40	AG0
hx9725	PP1VCC	1	16	JJZ
hx9733	RKSU7S8P	2.5	40	VH
hx9855	YNQ8K9NST	12	192	JY
hx9936	SVRYVGMCKG	5.5	88	6H
hx9958	ZHSDO	12	192	S5J
hx9969	V5S9WDZGW	11.5	184	L94
jxtm0160	G0RYEYCH	10.5	168	9Y
jxtm0273	W9MH5QWZ	10.5	168	63E
jxtm0364	NUNFTQB	5	80	R0X
jxtm0491	25IQP	10	160	S4J
jxtm0523	ZCG57R5CN	11	176	5G
jxtm0680	I9W1UHVR	4.5	72	JV
jxtm1010	H6HKJ3AWA	7	112	8F
jxtm1158	LIP8YQ83P	10.5	168	FJJ
jxtm1169	DIZKLIX	5	80	ZVR
jxtm1206	BIH52D7Z	3	48	HG
jxtm1240	KHQ33	11	176	CB
jxtm1279	W1GNVMHGA	3	48	04
jxtm1314	W6AE5QW59	2	32	WRG
jxtm1333	XXUQ127	2.5	40	78
jxtm1403	UMMUBOZ	11	176	IJ0
jxtm1700	W1BF9B	11.5	184	8GO
jxtm1710	SHLT2E	11.5	184	VV
jxtm1726	EIKLWH8N	9.5	152	37
jxtm2030	V0DPS	8.5	136	KJ
jxtm2216	EKD0U	6	96	4HB
jxtm2271	0NJ7Z7OA7	6.5	104	46A
jxtm2282	BR9QPVK39C	3.5	56	33
jxtm2376	K2BHI	7	112	R8C
jxtm2456	6C8I70PU	1	16	IW4
jxtm2519	OB7PZ1P7BL	3.5	56	ORL
jxtm2550	N0J0C	1.5	24	L40
jxtm2610	9JVVBD353	12	192	28
jxtm2739	QNJUMDE1BC	9	144	GT
jxtm2897	ZR4GO6	11	176	IIT
jxtm3059	SA3DT1KVO	0.5	8	LGC
jxtm3180	18PTYY2O	3	48	8I1
jxtm3181	DI7AAMD	9	144	TTV
jxtm3224	N5POMV	11	176	IYL
jxtm3277	M9DZAL9AV	5	80	80
jxtm3324	08RTPL	3.5	56	Z0S
jxtm3391	H8HMV7D	11.5	184	D35
jxtm3409	KK9R66ZJM	3.5	56	Y91
jxtm3732	V6JQZ0	1.5	24	T7
jxtm3737	MHQ6VLCORB	8	128	GTI
jxtm3763	HKX4NWA	6	96	DU0
jxtm3926	KNG5TNB4F	12	192	1OS
jxtm3982	F4J8W9HRR4	2	32	HO
jxtm4017	JAOEYGQ5TT	6	96	RO
jxtm4073	ZEGJA	6	96	NB
jxtm4103	E41T4M	9.5	152	9BP
jxtm4113	KEZ5F	4	64	V6
jxtm4165	KTL8TW	12	192	N8
jxtm4271	NP99GSW	5.5	88	W1D
jxtm4351	JTIXOQ	6.5	104	8NC
jxtm4596	NFLHS	7.5	120	9A
jxtm4715	P21F0	4	64	QD
jxtm4804	RO5ELPQ02	9	144	0R
jxtm5002	LF0MO2S	5.5	88	Z2A
jxtm5023	QDF5BUZ7W	12	192	WLU
jxtm5390	EJ35KU327	1.5	24	8Y
jxtm5398	7D0QKZBSGF	2	32	XCI
jxtm5513	WL2MEYFL	6	96	9T1
jxtm5521	03J3A5UBUN	12	192	UT
jxtm5550	R51DWX76	11	176	5NZ
jxtm5673	XP8U6SE4	2	32	Z1C
jxtm5792	Z4Z7U5U76	8	128	LI
jxtm6286	F1VCJQ3H	8.5	136	OX3
jxtm6308	TAKKWN1	4.5	72	H8Q
jxtm6368	1OZ9MH8	5	80	O7
jxtm6510	JYNCG	10	160	RTX
jxtm6530	Y6PGFT3E	11	176	Z1H
jxtm6571	DVM6PPG	3.5	56	MD
jxtm6629	YYU8N4A95	5	80	42
jxtm6699	ES7D8I0HMB	2.5	40	YR
jxtm6820	77MI6S	4.5	72	H8
jxtm6954	BF1GCN	5	80	R7T
jxtm7420	OTFE1	8	128	WB
jxtm7481	ML0M18JK0	4.5	72	NC
jxtm7571	8ADZEDU	2	32	LI4
jxtm7581	6CPMBSG	5.5	88	OKY
jxtm7616	G4DM9Y	5.5	88	8M
jxtm7824	G5FXVQ	2.5	40	BP
jxtm8014	7LSGF9T9	7	112	NM
jxtm8049	99R86FJ	2	32	A3
jxtm8060	659P6TE	2.5	40	F7A
jxtm8114	WIUMBI9	1.5	24	GN
jxtm8242	NJIHI2F8	7.5	120	EW
jxtm8483	CMET0Y	3	48	KCI
jxtm8515	GL15LJB	9	144	Q9G
jxtm9044	A8EL0XKO82	1.5	24	0Q
jxtm9105	ZKXABZ	11.5	184	0T
jxtm9299	2LRCHI	10	160	IX8
jxtm9311	SDO1NPF6SW	3.5	56	8H6
jxtm9561	JPFS8KL	0.5	8	EX6
jxtm9781	Y4WCO4U2P	10	160	O0
jxtm9839	QC20VG0	8.5	136	3K7
jxtm9938	GR81J3P7	12	192	20
jxtm9986	NU71AQX0S0	4.5	72	W3C
jz0178	AS3T8N	2.5	40	JA8
jz0297	1Z4IG3V6	8.5	136	42G
jz0304	OF87JY1LZ	3.5	56	AC
jz0457	9XQHC	2.5	40	0JG
jz0547	ZNUQT	9	144	MA4
jz0553	VFV9Y6L	8	128	X6N
jz0610	1DSOGRQ2KQ	11	176	12H
jz0777	BN62RMUR0	1	16	NU
jz0849	5Y0LPK	9.5	152	M60
jz0918	U0E0G8RTU	9	144	JF
jz0985	TP0J1J	9.5	152	DOW
jz1070	MDPQE4OEX	7.5	120	G8
jz1080	U5PQO8O04	0.5	8	TH
jz1142	WAXRYJ	10	160	B3
jz1347	D7WA5P8	11.5	184	BE9
jz1394	Z442VYE	3	48	D0
jz1429	CLFTS	0.5	8	BEX
jz1932	0JSUHYX	1	16	MOL
jz2119	898IBZE6YP	2	32	BC0
jz2146	S01LD	10.5	168	N0
jz2155	SX9I2Y	1.5	24	FC
jz2238	XBKYK	10.5	168	Q4
jz2272	FD9WRSC	2	32	CV3
jz2276	8ML74YT	1	16	5PF
jz2368	ADUVAO8	10.5	168	MN
jz2377	AEELIBJAS	4	64	IA
jz2562	6K05N2	10	160	WZ
jz2680	YCYBD	9	144	F2
jz2681	TBUO3UQBH0	9	144	UD
jz2919	GZFIE	9	144	ZV
jz2920	SGKFRTJUR	4	64	1C
jz3004	KX3FJJX	3.5	56	VY
jz3018	YS65JDL5	5.5	88	CY
jz3172	8CVCJ5QUPI	7	112	HT
jz3215	A2OWEQPL6S	0.5	8	NP
jz3286	7SEK05Y4	8	128	30N
jz3441	FDG1E	8	128	8D
jz3459	T7A2L0	3.5	56	SN
jz3515	MB2VW	1.5	24	2PX
jz3599	CJ66831	7.5	120	KGJ
jz3606	J1CSC9	1	16	G5I
jz3759	PZ8GIBB2Y	8.5	136	Z9B
jz3843	ZLLW5KFX0	2.5	40	HM
jz3880	IBY8LA77	9	144	RR
jz3881	VR60RKS	10.5	168	JYJ
jz3888	XW42550	3.5	56	7E
jz3943	62NALWOCO	8	128	JA6
jz3989	I50SQWYA93	8	128	84L
jz4044	UQG8E3DL	8	128	AK
jz4059	ESBTLMTGAL	10.5	168	HSD
jz4289	T6ZWR	12	192	0R
jz4326	5NF2600W	7.5	120	ZH
jz4434	U1O7CV2	6.5	104	EP
jz4528	021D8PLCQR	1.5	24	73F
jz4572	ZEC37BUF	3.5	56	657
jz4606	HFZV4	5	80	6O
jz4635	J3B7G	6	96	3PD
jz4816	5W2IF2M	0.5	8	E8
jz4828	O0BEPHJ035	10	160	GB
jz4979	XG24RIOS	0.5	8	03
jz5272	N3VUIBGUD	2.5	40	57I
jz5433	1SIQ4	2	32	2C
jz5493	VF9LTIP88H	5	80	94
jz5508	2QGVYX1W4	4	64	8DG
jz5583	87G6PRBNB1	11.5	184	IK
jz5606	LWC2V	8	128	V56
jz5760	5133RYLQ	10.5	168	OS
jz5806	TU8YS6F	1	16	THW
jz5820	X875H	2.5	40	LD
jz5868	IJVZ8	10	160	4V6
jz6160	78V2UNQIKY	1	16	YSV
jz6348	589OASCA	1.5	24	JZQ
jz6435	6LCQ41W	5.5	88	3A
jz6492	20YM8MH	4	64	7YH
jz6504	GSE2LP	7	112	BS
jz6527	I20PASG	9	144	7G
jz6598	HZCQW	2	32	HI
jz6636	EDDDA0	9.5	152	18
jz6703	141XJVENT5	9.5	152	TU
jz6791	NUFQ4	5	80	991
jz6993	WMKK02G7	12	192	6M
jz7054	ACSGNCJTV	10	160	Q4
jz7105	NYY651	5	80	CDT
jz7125	6WXJ99HD	10.5	168	DZC
jz7462	HQCEN	2	32	D5
jz7658	KHP233WZ3	8	128	UM
jz8005	7EKARCKII	12	192	IY
jz8291	DTH7IJ9BV8	0.5	8	LH
jz8380	VQ3Z1	1.5	24	0L
jz8561	C9UWLPG5Y	8.5	136	7V
jz8616	9ACOZI3L	11	176	UC
jz8640	YJ0MQWR5E	5	80	WSF
jz8711	A6UO9J6QQT	12	192	LG
jz8786	BBUXAJOQDH	4.5	72	EI
jz8835	89U3PZQXER	3.5	56	O6L
jz9032	08FZLI2	10.5	168	XRG
jz9139	FBJH6C657F	7	112	Z0
jz9318	Z17JCL3TG	2	32	9RS
jz9536	G1CZU6J1EJ	8	128	QD
jz9583	G9V4D32P5F	5	80	I0
jz9674	1BGJBKGPE	5	80	VR
jz9742	E7ODI0N7	3	48	MES
jz9914	SUS2HLI1L6	8.5	136	ID
jz9964	GZQ7GXV7	7	112	NTQ
sw0140	RN9S7SSV	10	160	HXY
sw0173	ON948R	6.5	104	C1
sw0447	46OPJK	7	112	6IQ
sw0657	QNRV4	5	80	XJ
sw0752	Y7QU5YR	11.5	184	NM
sw0955	8359OH	10	160	FZ
sw0962	GHAZUP	4	64	30
sw1325	0YKKQEZVF	3.5	56	NRC
sw1751	AMEB7	9.5	152	HQI
sw1783	BHJ2P	6.5	104	9Q
sw1919	IEKXIF	12	192	QD
sw2080	3PKLM4	1.5	24	1T
sw2090	MB02E	5.5	88	Y1
sw2232	X39VUKFMNF	6.5	104	FY8
sw2323	8JU5G	1.5	24	P6S
sw2732	166BUVMBAG	6	96	LP
sw2883	OK3H54F	3.5	56	D57
sw3205	7F7FF3OMG	4	64	9E5
sw3212	T2UX6UZ	9.5	152	YK
sw3369	WHCJDOR8VZ	2.5	40	3B
sw3580	VGTCDKKM4X	10.5	168	TG
sw3721	J8R3B	6	96	UP
sw4072	6YJ4WZP	9.5	152	DR
sw4201	SX7IWAX	5.5	88	ZK0
sw4259	VU308	9	144	DZ7
sw4278	GM9LL5L86	11.5	184	P0R
sw4289	ECCED97M	1	16	TQH
sw4622	E5Z5S	4.5	72	F4J
sw4641	L52389ZX	9	144	D5
sw4689	80PL5T0B6K	2	32	C8
sw4701	6WXLME0T9	7.5	120	6CK
sw4884	R2HLRD	7	112	70K
sw4992	R9LGI66S5	7	112	EL
sw5194	EW7I7T9Y	6.5	104	SZ
sw5281	G0V6NXO	9	144	2P
sw5348	RWCUK97	0.5	8	UD
sw5350	TD8S8BJF3X	7	112	KXG
sw5699	88L2C6NE7N	3	48	VQ
sw5786	4C3RT6	7	112	RCS
sw5909	GJCG8FKQI	6.5	104	HE
sw6202	J88FF	2.5	40	BV
sw6250	WACYDNNO	9.5	152	7Y
sw6443	SVNYW	10	160	CL
sw6520	WTF5EEIY	7.5	120	KU
sw6605	GPB9JBT4	5.5	88	VP
sw6940	EB06RGT91	11.5	184	ZG
sw7080	VS4EBEL9RU	5.5	88	T2
sw7232	4NC5LATTZ0	7	112	02
sw7497	JY8PP758QN	6	96	MR
sw7520	BN966	1	16	7N8
sw7863	ZSCPR2	1	16	DOR
sw7914	MZM1G35G5	10.5	168	X0
sw7983	5N910ST28H	0.5	8	HA
sw8021	ONAI59LC1	3	48	0F
sw8052	OT3N5CY	1	16	OWW
sw8415	DK40Q55J3	10.5	168	N5S
sw8432	026LGYQ	2.5	40	H90
sw8496	RCT40ATH	2.5	40	WTV
sw8656	O6U882M	8	128	Q5
sw8803	YZKND9M9	7.5	120	96
sw8815	SKJ554	10	160	AIG
sw8873	RR0R49DR	11	176	V9
sw8892	MCJW6	1	16	GP0
sw8936	PTIZPZ1S	12	192	BFW
sw9036	0VCJP	6.5	104	L87
sw9067	VBLP8	9	144	5O0
sw9085	VO8ZV	9	144	3ZW
sw9090	XA7UDR	10.5	168	W6
sw9365	XN4VA8	3	48	VU6
sw9460	GIGIX2BD	10.5	168	CAF
sw9623	YG82VD6	9.5	152	U6L
sw9717	BIWRPX8A2	8	128	L08
sw9927	LPNS9J81	5.5	88	BCC
wl0036	GSSLICV	11	176	QE
wl0065	6EP2RS	1	16	FAO
wl0107	QPFSPP4N	4	64	XV
wl0540	KY6FC69	2	32	ROG
wl0575	WHBHRAKGA6	4	64	WLN
wl0590	X22Q6	1	16	TD
wl0598	BU5AUL7	9.5	152	NVH
wl0758	RYBT5FQYL2	11.5	184	BPT
wl0762	ZZBOWP3	4.5	72	AS6
wl1021	NN5BCT6WT	3.5	56	HF
wl1070	ENKAHTZW	3	48	ZC2
wl1090	NJVB24J35	3.5	56	79
wl1115	79KKFB4OO	0.5	8	YV
wl1262	VBSUGNRB3	2	32	QZM
wl1389	8T14HQ80Z	3	48	3P4
wl1438	L9N84C37V	4	64	J1L
wl1440	GCYTC	5.5	88	5P
wl1451	PPY5PAV	5.5	88	WA
wl1471	WLR9LMW5	8.5	136	29
wl1486	W6YJL4O	4	64	K1
wl1632	MY4DY5	10.5	168	1AL
wl1867	0CKCRD9	9.5	152	K4
wl1880	N1Z2BIM	6	96	RF3
wl1928	KP4WABTMF1	1	16	WO
wl1937	087US	8.5	136	PV
wl2150	AS0C8QOZ8Q	1	16	TJF
wl2252	OZVQOMJ08Q	2.5	40	MU
wl2292	EQ1DH	7.5	120	5WQ
wl2315	DJ143HV	4	64	NWE
wl2377	2GSJQN	5	80	8M
wl2616	GWHWYJTR	2.5	40	2Y
wl2783	W06EO	11	176	6W
wl2951	BLT06M92HE	8.5	136	PEM
wl2998	2PLCJ8	2	32	BCZ
wl3284	63XVBRCB4	8.5	136	U3
wl3338	IRTI1MH3TP	7.5	120	HU9
wl3362	RKEF0	5.5	88	CFL
wl3453	342KQTB	12	192	VE
wl3599	7DLYL1	8.5	136	HJ
wl3633	6FTHKMDQ	1.5	24	F0
wl3690	9KCENZK	1	16	ER
wl3695	IX9RW37C9	2.5	40	KK
wl3762	W3GEFV169	2	32	8FV
wl3850	SKWNU	5	80	UUL
wl4010	X9IKBVEM4	6	96	M40
wl4182	Y7TWPLVVQ2	12	192	5D0
wl4215	DT1P1V	6	96	0MY
wl4405	V6SP88LKM	5.5	88	EHH
wl4452	ZCEE6CFNK8	5.5	88	HLO
wl4522	28SHUCSQ2L	8.5	136	WT
wl4739	JYFIYWWRGO	5	80	CI3
wl4745	JCYMA	4.5	72	1M
wl4771	5QKXW	10	160	8R
wl4853	LLXP3	10.5	168	9BK
wl4923	GCQMDO	8.5	136	Q6
wl4955	0CPG4PM	4.5	72	O4
wl4975	F0YTVJKV	7.5	120	Q0V
wl4980	3AG33J	3.5	56	F1P
wl5044	SL295DM9	7	112	43
wl5073	0GHJ0VAG	8	128	S3
wl5098	KV52E	11.5	184	R3G
wl5365	T2HIVEBVNN	10	160	PN
wl5534	HFL1732Q	3	48	4G
wl5587	GN0EWJG4	8.5	136	EN1
wl5670	JOQ9WC21	12	192	SR
wl5720	AFLQI	1	16	BX
wl5974	RML9UOYD3	9.5	152	QWT
wl6000	HJF9X	11.5	184	CA1
wl6021	OJKKQG2	9.5	152	J4J
wl6082	S60H7	8	128	S1D
wl6145	269HYAWKZ	8	128	UCO
wl6168	IVLGEKOU	2.5	40	QH
wl6439	WR255GY	7	112	VDK
wl6756	XWLYSP3U2	4.5	72	4AY
wl6996	KUKGXBM9	0.5	8	BKN
wl7060	O0GC3	10	160	TXG
wl7064	AHS6GVAJ	9	144	IM9
wl7089	GNSIM0	1.5	24	XX6
wl7198	9NKUF18	12	192	KS
wl7426	2F7W2C	0.5	8	A0
wl7574	21L6GZS	5	80	16
wl7726	4V70HRFDL	9.5	152	CQZ
wl7789	9T4AGMM	12	192	T3L
wl7794	9QDIG8	6	96	2YO
wl7831	LZRDZ	7.5	120	KR
wl8016	55TCQ4T5	3	48	U76
wl8018	B3THRKLEO	7	112	33
wl8117	NTWPFBJFXA	11.5	184	YS
wl8250	MK28CDKKXM	9.5	152	3MI
wl8512	1R6ET9T	0.5	8	AOG
wl8605	CZ6CR4GCC5	11.5	184	378
wl8615	A6M658W	1	16	NC
wl8781	0GIEOFZT	12	192	UD
wl8831	5VYWTUNGXA	8	128	CG
wl8989	O8YX8T9	6.5	104	FGT
wl9329	4J1CY	1	16	NB
wl9376	VULGDWXPJ	8	128	66
wl9434	IYCE7YX592	10	160	TJ
wl9782	B31SYTD96	6	96	HQ
wl9833	V5OA1C	2.5	40	0GJ
wl9984	UI5GKPNUP	8	128	F5
zdh0005	LYTINPI	7.5	120	GOT
zdh0242	KPUY0	0.5	8	49C
zdh0352	FPBPDBI	9.5	152	WSM
zdh0455	E2191QNFO	6.5	104	G78
zdh0816	GKR6ZJTPK0	5.5	88	9U
zdh0841	VB8Y8	1.5	24	ATI
zdh1030	J89S5C	5.5	88	3F
zdh1109	UM7X68T9S	2.5	40	LV
zdh1122	SWQ4X5F	7	112	7R
zdh1155	ESCI6J	0.5	8	VD8
zdh1276	GERDGFNTQ7	9.5	152	DI
zdh1500	JZ5L5DUP6	9	144	YU
zdh1686	HWJNKK6A43	11	176	9Q
zdh1708	T5YDSE	9.5	152	YY
zdh1845	QYQAVYDAU	4	64	6FY
zdh1891	Y4G9SA43EQ	12	192	UGZ
zdh1980	3ZJ1L4	3	48	FO
zdh2023	GGRFP5N6	2	32	1N
zdh2061	B6FQZ	5.5	88	VG
zdh2142	TUUA3GCFN	0.5	8	TI
zdh2234	QB0FNGZJ	4.5	72	KS
zdh2254	GPMYEKDHM	11.5	184	HW
zdh2331	7NPA6D	10	160	WF
zdh2376	D2ZO4	11.5	184	VLC
zdh2424	8KMMF6N14	4.5	72	GWZ
zdh2513	ECXLYE1	9.5	152	CDJ
zdh2540	PJEP6	2.5	40	SA2
zdh2788	7ZOUS	5.5	88	OST
zdh2825	FNB2QB	11	176	63N
zdh3113	GUZ2F5M16	9	144	VB
zdh3127	EHYIFGTBY8	12	192	EM
zdh3149	8S0EIRLX	6	96	FF7
zdh3198	OAQOYEWR	8	128	K4
zdh3240	WBUSS	9	144	7S
zdh3397	HMVV7T07	5.5	88	OOC
zdh3415	5L59PGO	10	160	VI5
zdh3535	B5IBW6RDXW	9.5	152	UHC
zdh3588	U2DWAIG9FR	11.5	184	5S
zdh3596	L86HX5HFI	1.5	24	7CB
zdh3724	6JS7G	6.5	104	86X
zdh3753	HXY5M3W	8.5	136	BZC
zdh3884	RM7PXS04O	2	32	HDX
zdh4109	GF7LM8	10	160	80I
zdh4117	8DRG0IMM3	1.5	24	L6
zdh4286	3VRO35SK	4.5	72	WT
zdh4536	P406QCO	6.5	104	6KP
zdh4537	4E3W4GIKQZ	5	80	YRY
zdh4681	CBZFK6ZFBC	10	160	N5
zdh4965	13PQMK3	11.5	184	DYE
zdh5036	RBENY43S6	1.5	24	8N
zdh5098	5A477DZO	4.5	72	IZO
zdh5101	QARCOW	3	48	0G
zdh5188	13UOMKZ	7.5	120	T6
zdh5562	M49VY6E	3.5	56	B8
zdh5845	Q24QF1HQ8	1	16	F5
zdh5914	ZYGHFB2NBE	9	144	TMQ
zdh6164	W5492RT8F	8	128	6D
zdh6334	QEVY1F	9	144	GMY
zdh6381	OHXEKTHU	9.5	152	H5
zdh6541	MBW6A4TBP7	8	128	ANX
zdh6687	OX12XI	7	112	83
zdh6723	XRO346PB	7	112	C8K
zdh6821	GMGQIU	11.5	184	ES
zdh6839	Q6Y6X4VZNW	5.5	88	0L
zdh7211	1AN7I	9.5	152	LNC
zdh7248	3PAPXIVR	2	32	S4F
zdh7269	KLY7CBP	4	64	4SX
zdh7278	M5G1EICR	6	96	LR
zdh7290	S4PVY	7	112	7D3
zdh7433	3N9O5AZ	1.5	24	6W
zdh7529	PELQNM	7	112	Y9
zdh7556	QCXFB	0.5	8	KO9
zdh7578	1BB2O8F	11	176	DAE
zdh7585	IDAW4VCPTG	1.5	24	VN
zdh7843	QUI8T	5.5	88	8X
zdh8213	Y2WPQS6OR	10.5	168	6EV
zdh8229	L2CJSQE3	10.5	168	63I
zdh8366	42MXD	10.5	168	MV
zdh8412	0MB2PL	11.5	184	A3
zdh8421	03AP5	7	112	X6
zdh8652	FIIQO	0.5	8	N7W
zdh8950	OKE2EJCO	9	144	ZOY
zdh9024	GNSX6I13	8.5	136	65U
zdh9144	PUFUXNNQ	1	16	UO
zdh9225	X38D2XQ	2.5	40	7X
zdh9353	V46GM4QQBN	4	64	9A
zdh9547	TYIWE7W8	5	80	M8
zdh9610	E0GTWB23A	7.5	120	DDY
zdh9698	TCGKUG5MQR	12	192	CH
zdh9716	32HMQ	1	16	MZ
zdh9880	WGLN4	8.5	136	DC
zdh9932	YB0E8PGPO	9.5	152	PHF
